Song ID,Song Name,Day,Month,Year,Playlist ID
spotify:track:5E8CUBhvtBzLVF5JQUaypj,Intro,30,11,2022,3fwgwqAtPiln73qhHw42a3
spotify:track:0FDTPGlLjF8SGWSsHyzNBe,pa quererte,30,11,2022,3fwgwqAtPiln73qhHw42a3
spotify:track:3oCSBlJniNwxVQfq1R2ROt,Hugo,30,11,2022,3fwgwqAtPiln73qhHw42a3
spotify:track:6G12ZafqofSq7YtrMqUm76,Monotonía,30,11,2022,3fwgwqAtPiln73qhHw42a3
spotify:track:5S7FewmYYyLNdMOfeEcB6P,COMO HAS ESTAU?,29,11,2022,3fwgwqAtPiln73qhHw42a3
spotify:track:0MsrWnxQZxPAcov7c74sSo,Holiday / Boulevard of Broken Dreams,29,11,2022,3fwgwqAtPiln73qhHw42a3
spotify:track:1hwJKpe0BPUsq6UUrwBWTw,Boulevard of Broken Dreams,29,11,2022,3fwgwqAtPiln73qhHw42a3
spotify:track:2FpzEUblvxvCSv7aQbe8l5,Cayo la Noche X Diles X Soy Peor,29,11,2022,3fwgwqAtPiln73qhHw42a3
spotify:track:53jnnqFSRGMDB9ADrNriCA,Bloody Mary,29,11,2022,3fwgwqAtPiln73qhHw42a3
spotify:track:7v3rmoy5jcn4h5UqwQyCM3,Ginseng Strip 2002,29,11,2022,3fwgwqAtPiln73qhHw42a3
spotify:track:4MXhozRvLn7DKoXexaHUOC,Super Ocean Man,29,11,2022,3fwgwqAtPiln73qhHw42a3
spotify:track:5Id5B3dxJZhPcV9GzgYZZe,Quizas,29,11,2022,3fwgwqAtPiln73qhHw42a3
spotify:track:5LitdykQszEnuzIrtGhwPs,Suelta,28,11,2022,3fwgwqAtPiln73qhHw42a3
spotify:track:5i9bTK3gXeVCvua3PH4nwv,LA TERAPIA,28,11,2022,3fwgwqAtPiln73qhHw42a3
spotify:track:5K5bLccioPirrEhSnZ1FVF,"Bzrp Music Sessions, Vol. 48 Bombona - Reggaeton Mashup",28,11,2022,3fwgwqAtPiln73qhHw42a3
spotify:track:0dlEA0Yhxsd09QWncDvaXF,Se Enamoró de un Reggaetonero,28,11,2022,3fwgwqAtPiln73qhHw42a3
spotify:track:7ukaDBM9mXdmtuqGd4Qkhn,Amor Amargo,28,11,2022,3fwgwqAtPiln73qhHw42a3
spotify:track:5ejnjlRm1c95bHJI1EckQ9,La Prisión,28,11,2022,3fwgwqAtPiln73qhHw42a3
spotify:track:3XaWuYsTtnkzCSBr0RmROc,Si No Le Contesto,28,11,2022,3fwgwqAtPiln73qhHw42a3
spotify:track:79AOjOSao8YU6hqIILSM72,OH LA LA,28,11,2022,3fwgwqAtPiln73qhHw42a3
spotify:track:5R7l05dglCrUX0qjZ1Eec1,Cinderella,28,11,2022,3fwgwqAtPiln73qhHw42a3
spotify:track:1sbNEFiURUYfy024cJX8JG,Ferxxo 100,28,11,2022,3fwgwqAtPiln73qhHw42a3
spotify:track:31i56LZnwE6uSu3exoHjtB,Neverita,28,11,2022,3fwgwqAtPiln73qhHw42a3
spotify:track:0T2pB7P1VdXPhLdQZ488uH,Normal,28,11,2022,3fwgwqAtPiln73qhHw42a3
spotify:track:1gYipuSzUpI6BENbGrgeid,Tokyo,28,11,2022,3fwgwqAtPiln73qhHw42a3
spotify:track:3fjN3y5x4hN53rykAN2LHQ,cómo dormiste?,28,11,2022,3fwgwqAtPiln73qhHw42a3
spotify:track:2JSH1FfnlCQUjCqDmdvIbt,EL POEMA,28,11,2022,3fwgwqAtPiln73qhHw42a3
spotify:track:6bR09qmkI1hXnk2EFLGE4B,OFICIALES,28,11,2022,3fwgwqAtPiln73qhHw42a3
spotify:track:22MC8VbKP6Qedbar74WkzU,Quiere Que Llame,27,11,2022,3fwgwqAtPiln73qhHw42a3
spotify:track:3ZkUgtNi45G8qdmya5UTgV,LA JOAQUI | Mission 08,27,11,2022,3fwgwqAtPiln73qhHw42a3
spotify:track:3O4dLAo3ZugYce1eiPjAkY,Cinturita,27,11,2022,3fwgwqAtPiln73qhHw42a3
spotify:track:3cIJt1xpS6aExpVvXcvZ76,Hechizo,27,11,2022,3fwgwqAtPiln73qhHw42a3
spotify:track:4ayDMAuv7ZvGYea3lj1wAR,Montagem Americana Slowed,27,11,2022,3fwgwqAtPiln73qhHw42a3
spotify:track:6IptkpsuIYGFtR16DaHVwC,Montagem Orquestra Sinfônica,27,11,2022,3fwgwqAtPiln73qhHw42a3
spotify:track:6YYmoV9YbBefsspGmqFHbs,Una Vaina Loca,27,11,2022,3fwgwqAtPiln73qhHw42a3
spotify:track:4xZ0XW5YQvN7wFZ9LKC6k2,TO' BUENA VIBRA,27,11,2022,3fwgwqAtPiln73qhHw42a3
spotify:track:3e60SjZURG4z5bybg7Smp0,NO SÉ XQ,27,11,2022,3fwgwqAtPiln73qhHw42a3
spotify:track:2LgxW2t2H6lAf7tJuOnxxj,Antes de Perderte,27,11,2022,3fwgwqAtPiln73qhHw42a3
spotify:track:1gYtMKmICjH8KQG3MheNJt,El Último Beso,27,11,2022,3fwgwqAtPiln73qhHw42a3
spotify:track:4aOobk7xXbsvhUFiLCUHOv,Huella Letal,27,11,2022,3fwgwqAtPiln73qhHw42a3
spotify:track:1IT2VUL1Nx6Y3AdCfm0wcO,Pechito Partido,27,11,2022,3fwgwqAtPiln73qhHw42a3
spotify:track:7COGuXyTr12KvdaYXMqheC,"No Me Conocen (Remix) [con DUKI, Rei & Tiago PZK]",27,11,2022,3fwgwqAtPiln73qhHw42a3
spotify:track:45dlaEXrXW47TVbrQ4gK7E,Tu Turrito,27,11,2022,3fwgwqAtPiln73qhHw42a3
spotify:track:2GVahxIzxivfRZc8lR39Ms,FERNET,27,11,2022,3fwgwqAtPiln73qhHw42a3
spotify:track:63GTuNSVLynH3n3PdqObgd,Fantasi,27,11,2022,3fwgwqAtPiln73qhHw42a3
spotify:track:2NMjggapJcXXM7WccGEBUO,Enséñame a Bailar,26,11,2022,3fwgwqAtPiln73qhHw42a3
spotify:track:1pBugwted2IO3pR7APQPP5,DARKSOULS,26,11,2022,3fwgwqAtPiln73qhHw42a3
spotify:track:4gv8WzIpLHdk7ZRtvTZKHu,Dónde Están mis Amigos,26,11,2022,3fwgwqAtPiln73qhHw42a3
spotify:track:1VierzHfJLlQhoYM5YlR0M,Together As One - Radio Edit,26,11,2022,3fwgwqAtPiln73qhHw42a3
spotify:track:1hkT0JQpfZ2mzOjItGyM9z,Heroes - Dropgun Extended Remix,26,11,2022,3fwgwqAtPiln73qhHw42a3
spotify:track:722KsbM8nAmtP9quY41MO1,想いきり,26,11,2022,3fwgwqAtPiln73qhHw42a3
spotify:track:6Syaz9E4nlCa5dfJmZ1TVL,リライト (2016 Version),26,11,2022,3fwgwqAtPiln73qhHw42a3
spotify:track:6oTRIHKFXqp3LgGYPCsyNI,Báilame Que Luego Te Vas,25,11,2022,3fwgwqAtPiln73qhHw42a3
spotify:track:7iGgoxJuHzyeJxsviN52u1,Kimi ha 1000％,25,11,2022,3fwgwqAtPiln73qhHw42a3
spotify:track:7fXYFuCTmNrYRGwEUUf5iz,Die Right Here,25,11,2022,3fwgwqAtPiln73qhHw42a3
spotify:track:5y6IQMVfYfa9rxfiHKz5hz,Reventar la Ciudad,25,11,2022,3fwgwqAtPiln73qhHw42a3
spotify:track:7k3qWn8D43a5ISa3x8lJux,¿Qué Nos Pasó?,25,11,2022,3fwgwqAtPiln73qhHw42a3
spotify:track:4Rjq1TZbF0bDstOs6SiI6J,LACONE,25,11,2022,3fwgwqAtPiln73qhHw42a3
spotify:track:7Dhvtb3KnYj2KaRKhdLhMS,Smartphone,25,11,2022,3fwgwqAtPiln73qhHw42a3
spotify:track:7EmnfQ55S2hNVLc3zGT44a,Tu Aroma (feat. Kaydy Cain),25,11,2022,3fwgwqAtPiln73qhHw42a3
spotify:track:0tqOrNifmUgu2xgbKesHk3,Color Caramelo,25,11,2022,3fwgwqAtPiln73qhHw42a3
spotify:track:64yCeFRhL4hTNik8J3Un6D,No es lo mío,25,11,2022,3fwgwqAtPiln73qhHw42a3
spotify:track:19awxNpyrGWGkM6wT6ULEi,Journey (Take Me Where You Wanna),25,11,2022,3fwgwqAtPiln73qhHw42a3
spotify:track:4NL6BaR0xSNl6kt8Vf2lRR,HISTORIA DE VERANO,25,11,2022,3fwgwqAtPiln73qhHw42a3
spotify:track:3yIyUQXF050PehHtbkgaDu,CASUALIDAD,25,11,2022,3fwgwqAtPiln73qhHw42a3
spotify:track:339QwiHC8ifuoV0ASbWTFg,PoroPorop,25,11,2022,3fwgwqAtPiln73qhHw42a3
spotify:track:4Ws1SBzrc8MgbtxVyXFfyP,Dos Días al Mes,25,11,2022,3fwgwqAtPiln73qhHw42a3
spotify:track:1UuZIUgkiVPhIkhbYlLTeD,Superman Sin Capa,25,11,2022,3fwgwqAtPiln73qhHw42a3
spotify:track:3vKYvbzB7801a5qd47pxkm,APA,25,11,2022,3fwgwqAtPiln73qhHw42a3
spotify:track:5eWFdYdHEgie5GThwI4MuT,Bora Bora,25,11,2022,3fwgwqAtPiln73qhHw42a3
spotify:track:2hLXUbsOU9cDb9RFva9FYr,MEMORIAS,25,11,2022,3fwgwqAtPiln73qhHw42a3
spotify:track:22TFAU0e7WHAQFGzwneu1e,World Cup,24,11,2022,3fwgwqAtPiln73qhHw42a3
spotify:track:3l9YiADzNmEvBfZVPEF49F,CALENTÓN,24,11,2022,3fwgwqAtPiln73qhHw42a3
spotify:track:0lCHRVlRZCEyLj3Gkc1nv1,Singapur (Remix),24,11,2022,3fwgwqAtPiln73qhHw42a3
spotify:track:5ZesK0ITD6ERGvvl1CfIBF,Drive,24,11,2022,3fwgwqAtPiln73qhHw42a3
spotify:track:3NmC3gMkl2usvFikNmYAnq,REHAB BOYS 2020,23,11,2022,3fwgwqAtPiln73qhHw42a3
spotify:track:4lSLtHGwXLZOaOCrI6QKDV,Lights Go Down,23,11,2022,3fwgwqAtPiln73qhHw42a3
spotify:track:2hwv7sSSkf5DRHUrk19Agi,Californication,23,11,2022,3fwgwqAtPiln73qhHw42a3
spotify:track:5RFG2hZsZho967u6Y6Jn7u,Discovery - Sunrise Mix,23,11,2022,3fwgwqAtPiln73qhHw42a3
spotify:track:2itzcJHEGyqAMn3GIu5sTe,Melodia,23,11,2022,3fwgwqAtPiln73qhHw42a3
spotify:track:2OnaCl52e39x6jxsQUMfq9,Dancing Next To Me - Syn Cole Remix,23,11,2022,3fwgwqAtPiln73qhHw42a3
spotify:track:4H6OkZ21dupcI5NR4UAf5y,UN PASEO MÁS,23,11,2022,3fwgwqAtPiln73qhHw42a3
spotify:track:1Ai5UrDsntCo4nB1xEq9HW,Getaway,23,11,2022,3fwgwqAtPiln73qhHw42a3
spotify:track:53i9DQqHwjPFzHBIR5T4Q3,Somewhere (with Syn Cole),23,11,2022,3fwgwqAtPiln73qhHw42a3
spotify:track:1nN4hImiv5VUApR5bnqrvS,Drift,23,11,2022,3fwgwqAtPiln73qhHw42a3
spotify:track:2S1JV3N08V5poRs2RbIMOp,Need Ya,23,11,2022,3fwgwqAtPiln73qhHw42a3
spotify:track:37107dPB28NderX4Tpbirg,Side By Side (with MKLA),23,11,2022,3fwgwqAtPiln73qhHw42a3
spotify:track:4R4gOp9ybG85RqbrY7JELc,Feels Like Love (feat. MIYA MIYA),23,11,2022,3fwgwqAtPiln73qhHw42a3
spotify:track:5H1tp2k7Ck2KPBE8t4zOO1,Still Love You,23,11,2022,3fwgwqAtPiln73qhHw42a3
spotify:track:07Kqg6euIz75AEzi1QPM32,Promises,23,11,2022,3fwgwqAtPiln73qhHw42a3
spotify:track:75FqfLKxt9saBRc5MQQEvn,Look At You,23,11,2022,3fwgwqAtPiln73qhHw42a3
spotify:track:4HSEJ8rmp21rUtqE9CNxFh,Breath By Breath,23,11,2022,3fwgwqAtPiln73qhHw42a3
spotify:track:2VYtAJuuOr6RyOOggzSTIB,Over & Over,23,11,2022,3fwgwqAtPiln73qhHw42a3
spotify:track:4bvvJJCO7V1yt9UvBfNM1G,Better Days,23,11,2022,3fwgwqAtPiln73qhHw42a3
spotify:track:0DPxLNnlBhsxy3ntRZZiRG,Spotlight,23,11,2022,3fwgwqAtPiln73qhHw42a3
spotify:track:22Ckl8uaVR71UMChg6NLRQ,So What,23,11,2022,3fwgwqAtPiln73qhHw42a3
spotify:track:7IoZxP8v0qawEhABxYkjIE,Dance With Me,23,11,2022,3fwgwqAtPiln73qhHw42a3
spotify:track:1bkP0sSw1sQDWMRUa46lW1,Zonder,23,11,2022,3fwgwqAtPiln73qhHw42a3
spotify:track:4BjqjQb1kLLVriOmXQGOtd,Worth It,23,11,2022,3fwgwqAtPiln73qhHw42a3
spotify:track:3k9sKpkGyIzwLVgNbmyw4P,Human Touch - JLV Remix,23,11,2022,3fwgwqAtPiln73qhHw42a3
spotify:track:6NHFoRPJ2QZccsGWriZQIF,Love - JLV Edit,23,11,2022,3fwgwqAtPiln73qhHw42a3
spotify:track:0ecpDFgEtLO3CAzANJfywV,Hold On,23,11,2022,3fwgwqAtPiln73qhHw42a3
spotify:track:2GeWfw53kw4hH2n9dg8KLK,Sunset,23,11,2022,3fwgwqAtPiln73qhHw42a3
spotify:track:0pP9QPOZc6tF9IyZzfykhg,With You,23,11,2022,3fwgwqAtPiln73qhHw42a3
spotify:track:0feo1vPd3Epx0VeaaD8ukE,Soaring,23,11,2022,3fwgwqAtPiln73qhHw42a3
spotify:track:4mkozdKu5MTBJMAb1l1noK,Imagine - JLV Remix,23,11,2022,3fwgwqAtPiln73qhHw42a3
spotify:track:219qa1XAw8kHdVY4sHpoA5,Chemical Days,23,11,2022,3fwgwqAtPiln73qhHw42a3
spotify:track:4K4N4aeIhCyH6RbbwkB13M,Superstar - JLV Remix,23,11,2022,3fwgwqAtPiln73qhHw42a3
spotify:track:4INxZ8TMuNtSL1qBjCO2YH,Toxic - Extended Mix,23,11,2022,3fwgwqAtPiln73qhHw42a3
spotify:track:6mduUvSFkXV3TvEihmcYzD,See For Yourself - Extended Mix,23,11,2022,3fwgwqAtPiln73qhHw42a3
spotify:track:5Dr2YviplEh9uUlICpGL0l,Hello DJ - JLV Extended Edit,23,11,2022,3fwgwqAtPiln73qhHw42a3
spotify:track:0OXdfW3Q6VJGpg1k5Ik1SW,Give Me a Kiss,22,11,2022,3fwgwqAtPiln73qhHw42a3
spotify:track:5otqpSymJCLFjJQGYbIaej,Wish You'd Love Me,22,11,2022,3fwgwqAtPiln73qhHw42a3
spotify:track:6xpDh0dXrkVp0Po1qrHUd8,Adam's Song,22,11,2022,3fwgwqAtPiln73qhHw42a3
spotify:track:2qyhy9ndo8tTGMzXeHTisR,So High,22,11,2022,3fwgwqAtPiln73qhHw42a3
spotify:track:5QI329v4FeKyt7pXBYw4cs,Rompe RKT - Remix,22,11,2022,3fwgwqAtPiln73qhHw42a3
spotify:track:61qXzQHMSwk3PStleYDJ2v,Feel the Melody (feat. Sara),22,11,2022,3fwgwqAtPiln73qhHw42a3
spotify:track:3G1SVODcssMmS5YM5G3tun,Pretty Rave Girl,22,11,2022,3fwgwqAtPiln73qhHw42a3
spotify:track:56nLHj9HJr3xpbLarnr0l4,Mtc,22,11,2022,3fwgwqAtPiln73qhHw42a3
spotify:track:1GcIfrZT8RoarT7qlBfYgT,Wack Jumper,22,11,2022,3fwgwqAtPiln73qhHw42a3
spotify:track:1au2UduxcvHfa0fZS3Szci,Lavender Sunflower,21,11,2022,3fwgwqAtPiln73qhHw42a3
spotify:track:6ydWxkzjDktHsTzvWcaZ1i,In For It,21,11,2022,3fwgwqAtPiln73qhHw42a3
spotify:track:2fpKvUg9hxiKAOLuwfEdlJ,Conexión,21,11,2022,3fwgwqAtPiln73qhHw42a3
spotify:track:0CYLDwvvpJQySLA5CvqvSl,Pa Mi (with Ozuna),20,11,2022,3fwgwqAtPiln73qhHw42a3
spotify:track:2GuVyzMuUZWCpzZPvEeITv,Como Yo Te Quiero,20,11,2022,3fwgwqAtPiln73qhHw42a3
spotify:track:5WFhhFYeMrGPT7jlbdDdOh,Intro,20,11,2022,3fwgwqAtPiln73qhHw42a3
spotify:track:0QZ6ZRwau3IyjdSrlFThnv,"Mátame Please, Carita Feliz",20,11,2022,3fwgwqAtPiln73qhHw42a3
spotify:track:04u37Wc39AoZwSmpXIfDh0,Piscis,20,11,2022,3fwgwqAtPiln73qhHw42a3
spotify:track:2VGAj6WgbcQhxzb0PVMW0f,Decir Adiós,20,11,2022,3fwgwqAtPiln73qhHw42a3
spotify:track:0JfsIu62NVXNQl2s7ATN37,Me Gustas,20,11,2022,3fwgwqAtPiln73qhHw42a3
spotify:track:0oIuGZ9XckJ7tzXWuZH7n6,otoño/invierno,20,11,2022,3fwgwqAtPiln73qhHw42a3
spotify:track:5Enzcachkod8O3ykRHUZLw,Nunca Te Dejaré Ir,20,11,2022,3fwgwqAtPiln73qhHw42a3
spotify:track:3A8CxswMlQDcMuomWebyR1,Éramos para Siempre,20,11,2022,3fwgwqAtPiln73qhHw42a3
spotify:track:6KVK1XO1Xzy7KGfoOockqA,Vámonos De Viaje,20,11,2022,3fwgwqAtPiln73qhHw42a3
spotify:track:2vWEIaLurT4dQ3XrwSkfmT,Saturno,20,11,2022,3fwgwqAtPiln73qhHw42a3
spotify:track:3baHPHIKvDuugzoowvdJBo,Solo,20,11,2022,3fwgwqAtPiln73qhHw42a3
spotify:track:4bWKxHYB7QGYobbiQawHXQ,Fin Del Mundo (with Bratty),20,11,2022,3fwgwqAtPiln73qhHw42a3
spotify:track:0lBOxYabLsCS8Hg5ZRaz7p,Staring,20,11,2022,3fwgwqAtPiln73qhHw42a3
spotify:track:7tm1BebE71tHtJmbJKvvxq,Quédate,20,11,2022,3fwgwqAtPiln73qhHw42a3
spotify:track:6zX7KSFicewSnSeT3W2tvN,seguiremos siendo,20,11,2022,3fwgwqAtPiln73qhHw42a3
spotify:track:7EjYMczG2zkInd4Rs5Y2Oc,Quiero Estar,20,11,2022,3fwgwqAtPiln73qhHw42a3
spotify:track:4tiMBMyoWSRPmLHg16VpUs,"Honey, No Estás",20,11,2022,3fwgwqAtPiln73qhHw42a3
spotify:track:7npg53FrMEJC1VCdLk3seG,NADA ME LEVANTA,20,11,2022,3fwgwqAtPiln73qhHw42a3
spotify:track:1tEyaPiqPBQnNTsCHfLazD,Cara De Idiota,20,11,2022,3fwgwqAtPiln73qhHw42a3
spotify:track:5vNd5a48igf00CALQgTso1,Comme Ça,20,11,2022,3fwgwqAtPiln73qhHw42a3
spotify:track:50NJa8yVPrIn1u08bKJpK6,Todas las noches,20,11,2022,3fwgwqAtPiln73qhHw42a3
spotify:track:22WO8XRRCDhoCUtcLQtl9C,Qué bien te quedaba,20,11,2022,3fwgwqAtPiln73qhHw42a3
spotify:track:7qopQaK9Ixv6EHsFFh9niL,kuromi,20,11,2022,3fwgwqAtPiln73qhHw42a3
spotify:track:28au9HKsKVsRYJUxvaJLMh,$$$ - Remix,20,11,2022,3fwgwqAtPiln73qhHw42a3
spotify:track:60gfhfIWrshYE4ecGmi3uY,La Pared,20,11,2022,3fwgwqAtPiln73qhHw42a3
spotify:track:7cmRd1iwDaANckyPHSOv5V,"Autoestima (Feat. Lola Indigo, Alizzz) - Remix",20,11,2022,3fwgwqAtPiln73qhHw42a3
spotify:track:0ySemfxyQYwYiB5lQ6OhnN,<3,20,11,2022,3fwgwqAtPiln73qhHw42a3
spotify:track:7IeA22SJ0arGoCkJH0dmNg,Nada Más,20,11,2022,3fwgwqAtPiln73qhHw42a3
spotify:track:4osMQOkwTX79FUbNJpGxCD,Dame Love - Remix,20,11,2022,3fwgwqAtPiln73qhHw42a3
spotify:track:6P2ITQT43x0rC0yqkSaXNo,Hasta Que Llegue la Muerte,20,11,2022,3fwgwqAtPiln73qhHw42a3
spotify:track:5z9lWumrkIr4yWHQN2bXAY,Uwu,20,11,2022,3fwgwqAtPiln73qhHw42a3
spotify:track:3x4iOrs870FISNpoEUpSiA,Llorando en la Rave,20,11,2022,3fwgwqAtPiln73qhHw42a3
spotify:track:1C0GnGquMzcwAszcz4cZdN,Kiriku (feat. Rojuu),20,11,2022,3fwgwqAtPiln73qhHw42a3
spotify:track:5nje4NlDYSGrRUp21tJj0q,si quieres,20,11,2022,3fwgwqAtPiln73qhHw42a3
spotify:track:7bZD8GtWCgkU8alMNuWRpY,Feo,20,11,2022,3fwgwqAtPiln73qhHw42a3
spotify:track:4YKP5UKFofcfW7EMjIsVvG,LA PRIMERA,20,11,2022,3fwgwqAtPiln73qhHw42a3
spotify:track:5yLb60qw8lIyiaqplxRopT,Pero No Importa,20,11,2022,3fwgwqAtPiln73qhHw42a3
spotify:track:6s7E98oVK8LRLqlsrwefbR,Castlevania,20,11,2022,3fwgwqAtPiln73qhHw42a3
spotify:track:0Fc1Dggc6boYAbGpOzBgbT,El Mal en Mi,20,11,2022,3fwgwqAtPiln73qhHw42a3
spotify:track:4DM0ul4JO8IV2r2BCFIVQd,Sadness is a pretty girl,20,11,2022,3fwgwqAtPiln73qhHw42a3
spotify:track:0VY9LPvVLA65mwAdlwH6nC,Kids & Drugs,20,11,2022,3fwgwqAtPiln73qhHw42a3
spotify:track:36SDgsLei0Wvhms8ffSfbZ,bloody love :,20,11,2022,3fwgwqAtPiln73qhHw42a3
spotify:track:3BSrOkVuWzw3eHr8gtwWvV,Quién Dijo Que Este Mundo Estaba Tan Mal,20,11,2022,3fwgwqAtPiln73qhHw42a3
spotify:track:0Tu0B3NEc3XqFgIY0lL5Yx,Recuer2,20,11,2022,3fwgwqAtPiln73qhHw42a3
spotify:track:55RfAUjD4jWZ3KA1MzLPn0,amor d lejos,20,11,2022,3fwgwqAtPiln73qhHw42a3
spotify:track:5ltcrKgxUsn0PoQTlTmj5x,ikari,20,11,2022,3fwgwqAtPiln73qhHw42a3
spotify:track:4JUjkgiym5ab2hESaqsWRc,nada cambia,20,11,2022,3fwgwqAtPiln73qhHw42a3
spotify:track:2MSqVy6wb8k7jkMUeKBtZZ,Distráete,20,11,2022,3fwgwqAtPiln73qhHw42a3
spotify:track:7DxxXZri7IakXGz7IY2lgk,Memorias de Plástico,20,11,2022,3fwgwqAtPiln73qhHw42a3
spotify:track:5oxWNag9tLkeM1e8WaewLC,nunca entenderan,20,11,2022,3fwgwqAtPiln73qhHw42a3
spotify:track:0UJlzOqGuPcZ8YWGz9bd4q,Ya no te veré,20,11,2022,3fwgwqAtPiln73qhHw42a3
spotify:track:4MD6EczUiJiRy4wGPNaSVo,Broadway,20,11,2022,3fwgwqAtPiln73qhHw42a3
spotify:track:4jUf8VH82fLZYiJjhQ30lh,Starboy,19,11,2022,3fwgwqAtPiln73qhHw42a3
spotify:track:0pGDoOnFf2zEYldpcnhDWM,Me Gusta Que Me Odies,19,11,2022,3fwgwqAtPiln73qhHw42a3
spotify:track:0e0JshRej2NwT7jahEmv52,ROLLING STONE,19,11,2022,3fwgwqAtPiln73qhHw42a3
spotify:track:0s9xZDmDtrZKvgXVNJl5VS,Bad Bitches Wrk @ Taboo,19,11,2022,3fwgwqAtPiln73qhHw42a3
spotify:track:619p8Frf2gdv76xeN7At76,I Can Do Anything / Finale,19,11,2022,3fwgwqAtPiln73qhHw42a3
spotify:track:0fX4oNGBWO3dSGUZcVdVV2,N95,19,11,2022,3fwgwqAtPiln73qhHw42a3
spotify:track:17sPXQa8bT24ToCYHXuQXI,‘87 Stingray,19,11,2022,3fwgwqAtPiln73qhHw42a3
spotify:track:3DIRkZsEx7zFl6ow9qsyHz,Never Is Enough,19,11,2022,3fwgwqAtPiln73qhHw42a3
spotify:track:2gSG1S47vbdbyZ6aeJB4Dv,Problems,19,11,2022,3fwgwqAtPiln73qhHw42a3
spotify:track:3ZqgCbcM2AGXivffHcun0X,Good Day,19,11,2022,3fwgwqAtPiln73qhHw42a3
spotify:track:3TfJtvgXTC0BIsRGXD3SLz,On & On,19,11,2022,3fwgwqAtPiln73qhHw42a3
spotify:track:5ls62WNKHUUrdF3r1cv83T,emotions,19,11,2022,3fwgwqAtPiln73qhHw42a3
spotify:track:5emQTCm4Y2pNN4PBxrQYXY,MEET ME HALFWAY DRILL,19,11,2022,3fwgwqAtPiln73qhHw42a3
spotify:track:0qOCy2LqvdkMora7eZsJhQ,From the Subway Train,19,11,2022,3fwgwqAtPiln73qhHw42a3
spotify:track:4nUt0ZmLZD3J8qn5AMZ4Se,Sea of Dreams,19,11,2022,3fwgwqAtPiln73qhHw42a3
spotify:track:7AN4zvlHUTqpl25bqOhFcG,Cold Cold Man,19,11,2022,3fwgwqAtPiln73qhHw42a3
spotify:track:5d4ERnrRRe9o4I7aFLFTvP,Back in the 90's,19,11,2022,3fwgwqAtPiln73qhHw42a3
spotify:track:5yhMwlObProJpmAiotWOAm,Little Earthquakes,19,11,2022,3fwgwqAtPiln73qhHw42a3
spotify:track:4xuiROAX4zVVNW9onuNCpD,Avant Gardener,19,11,2022,3fwgwqAtPiln73qhHw42a3
spotify:track:6hWT56Jas2g7B0Fvh8BThh,Impossible,19,11,2022,3fwgwqAtPiln73qhHw42a3
spotify:track:7MZ5zJVnJ3wcG8FvG3oexf,We Don't Get Along,19,11,2022,3fwgwqAtPiln73qhHw42a3
spotify:track:6P3TrUT5OBuyrBYGrHo525,"World, Hold On",19,11,2022,3fwgwqAtPiln73qhHw42a3
spotify:track:2kkX9IzielZhUBybezdE0m,Parade,19,11,2022,3fwgwqAtPiln73qhHw42a3
spotify:track:2mCF8L0brIs88eH6Kf2h9p,Fast Car,19,11,2022,3fwgwqAtPiln73qhHw42a3
spotify:track:4dTVgHZFPlaq9nPbLVVLSG,Closer,19,11,2022,3fwgwqAtPiln73qhHw42a3
spotify:track:3yaYgjEFkRw3PVjW9mV1TO,Over The Top (feat. Drake),19,11,2022,3fwgwqAtPiln73qhHw42a3
spotify:track:0ToZE0pSU7n4NXFkIc0qeL,JUST TOO ADVANCED,19,11,2022,3fwgwqAtPiln73qhHw42a3
spotify:track:10reYnBP6UTLlOUUEUZgfv,Wake Up,19,11,2022,3fwgwqAtPiln73qhHw42a3
spotify:track:652zwAiP1Wdy39NY8DSMu5,Break My Fall,19,11,2022,3fwgwqAtPiln73qhHw42a3
spotify:track:0i0wnv9UoFdZ5MfuFGQzMy,Last Hurrah,19,11,2022,3fwgwqAtPiln73qhHw42a3
spotify:track:5j58jhAFzAy0keSuQYsQBn,Under The Pressure,19,11,2022,3fwgwqAtPiln73qhHw42a3
spotify:track:6ta5yavnnEfCE4faU0jebM,Mr Blue,19,11,2022,3fwgwqAtPiln73qhHw42a3
spotify:track:6NaBDHz9C7Uz9Z9CwLXQin,Bleeding Out,19,11,2022,3fwgwqAtPiln73qhHw42a3
spotify:track:76EfqbJHiagsv41TNAf4Ko,im so happy,19,11,2022,3fwgwqAtPiln73qhHw42a3
spotify:track:2LD2gT7gwAurzdQDQtILds,Veridis Quo,19,11,2022,3fwgwqAtPiln73qhHw42a3
spotify:track:6qr6qpP9J9YBBYsVmJFd5c,The Latter Teens,19,11,2022,3fwgwqAtPiln73qhHw42a3
spotify:track:30bLh2OQSfIvDpdu8ckzRg,The Modern Western World,19,11,2022,3fwgwqAtPiln73qhHw42a3
spotify:track:3FjYAj4hg5KiXpVAMjpLKq,This Is the Day,19,11,2022,3fwgwqAtPiln73qhHw42a3
spotify:track:65r94rVdiMwqXyQFEr3tqT,Resonance,19,11,2022,3fwgwqAtPiln73qhHw42a3
spotify:track:40uVURHoyfXPkiwYHQa1O2,Baron Patato Blues,19,11,2022,3fwgwqAtPiln73qhHw42a3
spotify:track:2elzUKJebZM50u2i6dgVnP,Aces,19,11,2022,3fwgwqAtPiln73qhHw42a3
spotify:track:1gH1h30wkQdd9zhY3j7a8T,THE SHADE,18,11,2022,3fwgwqAtPiln73qhHw42a3
spotify:track:4T6FWA703h6H7zk1FoSARw,New Light,18,11,2022,3fwgwqAtPiln73qhHw42a3
spotify:track:7keXdrB4mz57u4b8YkCwag,Dreaming with a Broken Heart,18,11,2022,3fwgwqAtPiln73qhHw42a3
spotify:track:1Huj5ge9C6oENTk0JrPByu,Found You,18,11,2022,3fwgwqAtPiln73qhHw42a3
spotify:track:06WvuCuJW0jjkcfvwPHyw4,Found You (Make Me Yours) - JLV Remix,18,11,2022,3fwgwqAtPiln73qhHw42a3
spotify:track:2u1SB650JRnVqOvJzqnW35,sound off,18,11,2022,3fwgwqAtPiln73qhHw42a3
spotify:track:7sLmMWLm9Egbs68NRcFvjY,cheap liquor,18,11,2022,3fwgwqAtPiln73qhHw42a3
spotify:track:1Q9YKywfOnXUxVJGRbaZL6,Sweet & Sour,18,11,2022,3fwgwqAtPiln73qhHw42a3
spotify:track:3mXOssdHHkN6AvLw6ZgKiL,SAME ENERGY,18,11,2022,3fwgwqAtPiln73qhHw42a3
spotify:track:6tXACUawN3mLhVW2Zd1WnL,Tengo Una Morena,18,11,2022,3fwgwqAtPiln73qhHw42a3
spotify:track:4OOlKNTQISagv0nsofvySZ,Subete,18,11,2022,3fwgwqAtPiln73qhHw42a3
spotify:track:2GBjsCkCpR5w8Zri9aE49H,Interlude: I'm Not Angry Anymore,18,11,2022,3fwgwqAtPiln73qhHw42a3
spotify:track:5H0BawU5IlPVzLTiresJwa,"it only gets worse, i promise",18,11,2022,3fwgwqAtPiln73qhHw42a3
spotify:track:0J5l4gVPJ5ssqYnJKjSwLr,Dog Song,18,11,2022,3fwgwqAtPiln73qhHw42a3
spotify:track:3lIxtCaROdRDuTnNBDm3n2,She's My Collar (feat. Kali Uchis),18,11,2022,3fwgwqAtPiln73qhHw42a3
spotify:track:3W5h65cRwTaZ1FCvEw6Ltx,Amor Viejo,18,11,2022,3fwgwqAtPiln73qhHw42a3
spotify:track:0wsUq03EBFYY9SYpAXo3Wv,Hay Que Abandonar Este Lugar,18,11,2022,3fwgwqAtPiln73qhHw42a3
spotify:track:70JkATjg7LzZ9HA22SmmcK,Sandy Kim,18,11,2022,3fwgwqAtPiln73qhHw42a3
spotify:track:0fmSJU8Yuvd1LaORnYlzBI,Let's Leave in the Morning,18,11,2022,3fwgwqAtPiln73qhHw42a3
spotify:track:4VX4DD8LXBM0apZMovdHMB,Apocalipsis Virtual,18,11,2022,3fwgwqAtPiln73qhHw42a3
spotify:track:6qLQ0K5jkOB0QrbDwNmKg9,On Fye,18,11,2022,3fwgwqAtPiln73qhHw42a3
spotify:track:11iIikXxC6NP0Ma8vMD27x,Alien Blues,18,11,2022,3fwgwqAtPiln73qhHw42a3
spotify:track:3qpyxgH65qNhJ9hLS2gWrS,Origami,18,11,2022,3fwgwqAtPiln73qhHw42a3
spotify:track:5lRpJsVLTktXhGL0FYbuLu,Quedate,18,11,2022,3fwgwqAtPiln73qhHw42a3
spotify:track:1izPC6WHbBbtqF6cDCCdkJ,Lonely Summer,18,11,2022,3fwgwqAtPiln73qhHw42a3
spotify:track:1qTt1HuasZFdZxZ3eK7W7F,Dos Adolescentes y su Primer Amor,18,11,2022,3fwgwqAtPiln73qhHw42a3
spotify:track:3QVa3D6QaQy0b0foOAYDuy,Body Dysmorphia,18,11,2022,3fwgwqAtPiln73qhHw42a3
spotify:track:2Lumsra3kuU61wXkEKzKaK,Disco,18,11,2022,3fwgwqAtPiln73qhHw42a3
spotify:track:5dAWpxnKwOnUe1yqAUdasK,Pintura,18,11,2022,3fwgwqAtPiln73qhHw42a3
spotify:track:7MaOjWI7ykN9jU1TPV6smp,Shallow Water - Extended,18,11,2022,3fwgwqAtPiln73qhHw42a3
spotify:track:70Tp5gZ4Jd7LGTII9tPub5,sensaciones extrañas,18,11,2022,3fwgwqAtPiln73qhHw42a3
spotify:track:7MkylDYvKTSuWgrsBhHlsG,"Duki: Bzrp Music Sessions, Vol. 50",18,11,2022,3fwgwqAtPiln73qhHw42a3
spotify:track:4VSM4XY8RBxUn3VlHZYRBL,The Itch,17,11,2022,3fwgwqAtPiln73qhHw42a3
spotify:track:7iFwyhv59i7tm98YmaW0gs,SMD,17,11,2022,3fwgwqAtPiln73qhHw42a3
spotify:track:6BgIRM4cFnHEUAIGlqFDEA,Poltergeist,17,11,2022,3fwgwqAtPiln73qhHw42a3
spotify:track:4iwjEJYExvmBM5w75RTuLv,Dangerous State of Mind,17,11,2022,3fwgwqAtPiln73qhHw42a3
spotify:track:0sbe5kG7WPv2sdfW40QHzA,LOST SOULS,17,11,2022,3fwgwqAtPiln73qhHw42a3
spotify:track:3ldF2hDSJFPuS1fFb4d4Tb,LET GO,17,11,2022,3fwgwqAtPiln73qhHw42a3
spotify:track:6JOw76PRfcxW6Vkaav9tjr,BOMBS AWAY,17,11,2022,3fwgwqAtPiln73qhHw42a3
spotify:track:7DSSRGZBHKsjAoJx2lfq0r,Bad Habit,17,11,2022,3fwgwqAtPiln73qhHw42a3
spotify:track:25zMwqYXQGKN2ncceaAC0r,Wish,17,11,2022,3fwgwqAtPiln73qhHw42a3
spotify:track:35SZ94tedbG3of73g4JCSP,,17,11,2022,3fwgwqAtPiln73qhHw42a3
spotify:track:7uBwRPqBe5nuH9R90KnPsL,the story ends,17,11,2022,3fwgwqAtPiln73qhHw42a3
spotify:track:1vb2AwKBvNylZcKVSyAidh,Satin Black,17,11,2022,3fwgwqAtPiln73qhHw42a3
spotify:track:2y8q506AV6Qqfm6T0PtWiB,GOJIRA,17,11,2022,3fwgwqAtPiln73qhHw42a3
spotify:track:2Zk3NTeP14Mc0Ub8xemjT4,In The Dark,17,11,2022,3fwgwqAtPiln73qhHw42a3
spotify:track:767f1EAoYSr3AcJ5MTW151,BEHIND,17,11,2022,3fwgwqAtPiln73qhHw42a3
spotify:track:5MLlfYP9uZUGqsaPtUAVQe,YASOPP,17,11,2022,3fwgwqAtPiln73qhHw42a3
spotify:track:2zGGPPHMWWDe7HNyd2h9qr,Timbaland,17,11,2022,3fwgwqAtPiln73qhHw42a3
spotify:track:4lFp9RYuggXl9CNyaxBtgh,LIGHTS OUT,17,11,2022,3fwgwqAtPiln73qhHw42a3
spotify:track:1sRqm1JxQL88mrHhMLpQ5y,Want (feat. prodby668),17,11,2022,3fwgwqAtPiln73qhHw42a3
spotify:track:6APgOMkG1jkeFZD3rfCpvp,dedd barchetta,17,11,2022,3fwgwqAtPiln73qhHw42a3
spotify:track:3DhEvbpSDB9lQau3UNyqbJ,SOMEWHERE,17,11,2022,3fwgwqAtPiln73qhHw42a3
spotify:track:4ZwpcOICaUL3VotDBugF60,Back From the Dead,17,11,2022,3fwgwqAtPiln73qhHw42a3
spotify:track:7HH0ApQmcxHdHaDa8YcG4t,Todo Está Raro,16,11,2022,3fwgwqAtPiln73qhHw42a3
spotify:track:04xaiDOtGWt9QZePrqUyeH,Ending (Mágico),16,11,2022,3fwgwqAtPiln73qhHw42a3
spotify:track:5DgNL2KxaHOlvMtyLxa5XL,Mundo Digital,16,11,2022,3fwgwqAtPiln73qhHw42a3
spotify:track:0U0MMmyS3gJytrLziHnEmU,Como Vos,16,11,2022,3fwgwqAtPiln73qhHw42a3
spotify:track:21uFPefbgeR3QLVJWATlrr,Scott Street,16,11,2022,3fwgwqAtPiln73qhHw42a3
spotify:track:5TM22pdxJLi4XxCKQVjLVx,Amor Al Arte,16,11,2022,3fwgwqAtPiln73qhHw42a3
spotify:track:73n6qiGIOCKW8eImS71oP7,Fatal,15,11,2022,3fwgwqAtPiln73qhHw42a3
spotify:track:2oxq76kWhNgf10lTcQIDf4,Nintendo,15,11,2022,3fwgwqAtPiln73qhHw42a3
spotify:track:6ZvsmvXknoN8uK2MSEGpwT,220,15,11,2022,3fwgwqAtPiln73qhHw42a3
spotify:track:14H1HT3TZwtNI1AE0a5nS2,Sé Que No Me Quieres (Mix Demencia) - Bonus Track,15,11,2022,3fwgwqAtPiln73qhHw42a3
spotify:track:2Ql4zMaQglLpAuh0TqysGk,epanadiplosis,15,11,2022,3fwgwqAtPiln73qhHw42a3
spotify:track:5IVXXYNZzBRRYAdBnoMPXF,Perdido en Manboo,15,11,2022,3fwgwqAtPiln73qhHw42a3
spotify:track:7w05QsxaQRXrMK0t2qmtOM,Infinite Azure,15,11,2022,3fwgwqAtPiln73qhHw42a3
spotify:track:2phdLu86u9OXfmRCrZ2Dur,no twin,15,11,2022,3fwgwqAtPiln73qhHw42a3
spotify:track:0B5GEQLMwjHbUGnZDTF4Xo,En Mi Cuarto,15,11,2022,3fwgwqAtPiln73qhHw42a3
spotify:track:0ptdCEFJjqE7hJJrUVz29z,Nube,15,11,2022,3fwgwqAtPiln73qhHw42a3
spotify:track:7bv7X9P6amScRf5wRrVdHg,amor liminal,15,11,2022,3fwgwqAtPiln73qhHw42a3
spotify:track:7jZR7KHcDJhVpiFhfx9mSI,Twilight,15,11,2022,3fwgwqAtPiln73qhHw42a3
spotify:track:3J0SkqYQdqWG5iQjhnFTJh,TOMBOY,15,11,2022,3fwgwqAtPiln73qhHw42a3
spotify:track:2IEO7E3Qh7nYgKjdVagZKq,AMIGOS NUEVOS,15,11,2022,3fwgwqAtPiln73qhHw42a3
spotify:track:6FkJImUqOt3DfH0MuCp4Gr,Missed Kiss,15,11,2022,3fwgwqAtPiln73qhHw42a3
spotify:track:0mJ4RAd8kgXZLmWNCf6RHY,Guts Theme,15,11,2022,3fwgwqAtPiln73qhHw42a3
spotify:track:03rcC8SVxCa9UdY5qgkITe,Not PLaying,15,11,2022,3fwgwqAtPiln73qhHw42a3
spotify:track:7uWXTwIZn6rLg6AcA3Ltw6,ENEMY AND REVENGE - Sped Up,14,11,2022,3fwgwqAtPiln73qhHw42a3
spotify:track:2DF5HNnZTiNgY8JDOvJQ2S,ENEMY AND REVENGE,14,11,2022,3fwgwqAtPiln73qhHw42a3
spotify:track:6OPDXLjod9MBPdUojytOyy,Senbonzakura (PHONK),14,11,2022,3fwgwqAtPiln73qhHw42a3
spotify:track:41ze0nMV0Cufd4HsBCjVdx,PSYCHO (SLOWED),14,11,2022,3fwgwqAtPiln73qhHw42a3
spotify:track:6dM7I9O4ykZLAp3FbCsgp7,PSYCHO 2,14,11,2022,3fwgwqAtPiln73qhHw42a3
spotify:track:77lUHCd0dxdZb1PYtIKg0A,PSYCHO,14,11,2022,3fwgwqAtPiln73qhHw42a3
spotify:track:37F7E7BKEw2E4O2L7u0IEp,Limbo,14,11,2022,3fwgwqAtPiln73qhHw42a3
spotify:track:2qu9nNYd1w7zLR1TsajGxR,Immortal,14,11,2022,3fwgwqAtPiln73qhHw42a3
spotify:track:4qGr8HmRjhdRoUCnLf82eM,Pantera,14,11,2022,3fwgwqAtPiln73qhHw42a3
spotify:track:04uA3BJ1Rj8DBKkpKCABJx,Mírala Bien,14,11,2022,3fwgwqAtPiln73qhHw42a3
spotify:track:3dJWIbkKEnI0Jb9CK6kdcg,Imaginaste - Remix,14,11,2022,3fwgwqAtPiln73qhHw42a3
spotify:track:5y7DaS3jAc9eZzcSOoUIwU,Una Locura,14,11,2022,3fwgwqAtPiln73qhHw42a3
spotify:track:2XIc1pqjXV3Cr2BQUGNBck,LA NOCHE DE ANOCHE,14,11,2022,3fwgwqAtPiln73qhHw42a3
spotify:track:3VjCEyc0bHfa4Ie34kbWyb,CANDY - Remix,14,11,2022,3fwgwqAtPiln73qhHw42a3
spotify:track:4yXBfJAPsDZjpjMEp9NyjT,Vapor,14,11,2022,3fwgwqAtPiln73qhHw42a3
spotify:track:3BLIX3BSDnoozIeWqsnEqh,Aprovechalo,14,11,2022,3fwgwqAtPiln73qhHw42a3
spotify:track:4tqRirkZHTKIiEDIL4E1qE,твои волшебные мечты,13,11,2022,3fwgwqAtPiln73qhHw42a3
spotify:track:0txB4LKqXjIk1byEI3AcQC,urotsukidoji,13,11,2022,3fwgwqAtPiln73qhHw42a3
spotify:track:43PaIMlW2DqnJTpAiEJRCh,ranma,13,11,2022,3fwgwqAtPiln73qhHw42a3
spotify:track:5vul2ifdryQtpGpTzXCTPn,No tardes más,13,11,2022,3fwgwqAtPiln73qhHw42a3
spotify:track:2GVB5NOPZmBr0iuvKuvt1r,FOMO,13,11,2022,3fwgwqAtPiln73qhHw42a3
spotify:track:26qmCEncx9paaaIQro9K8A,Ya No,13,11,2022,3fwgwqAtPiln73qhHw42a3
spotify:track:1P290ONlYcaw1EgJ5nMCMt,Старик,13,11,2022,3fwgwqAtPiln73qhHw42a3
spotify:track:69aZRWByW7oBLJJMTT0ejc,mitad humano y robot,13,11,2022,3fwgwqAtPiln73qhHw42a3
spotify:track:0zjIosLy6aZgKiDQF4d6OS,22,13,11,2022,3fwgwqAtPiln73qhHw42a3
spotify:track:03DwGjU8lK4wiDdgSett0i,Nubes,13,11,2022,3fwgwqAtPiln73qhHw42a3
spotify:track:51h4gNgOaW7GKwiyi7TRhu,miedo,13,11,2022,3fwgwqAtPiln73qhHw42a3
spotify:track:6Dvk9IRJBa1egMUsdkeEvk,Lo Bien Que Se Ven,13,11,2022,3fwgwqAtPiln73qhHw42a3
spotify:track:0D5b6OCSafJKGELIrtsFeo,descenso al sueño,13,11,2022,3fwgwqAtPiln73qhHw42a3
spotify:track:1zsPaEkglFvxjAhrM8yhpr,Hey Mor,13,11,2022,3fwgwqAtPiln73qhHw42a3
spotify:track:1AFcJGVt4enuH1gqGw2axN,KAWAII,12,11,2022,3fwgwqAtPiln73qhHw42a3
spotify:track:3JfDVjrRznqU9GV5fsP9HD,Órbita (Feat. Polimá Westcoast),12,11,2022,3fwgwqAtPiln73qhHw42a3
spotify:track:0wihfILRNOwE2156Shezc8,Agosto,12,11,2022,3fwgwqAtPiln73qhHw42a3
spotify:track:2GIJyQdvDvg7uFfztRaYOH,Se Va,12,11,2022,3fwgwqAtPiln73qhHw42a3
spotify:track:3NVvbKNndun3sfDKJANhw4,Marianela,12,11,2022,3fwgwqAtPiln73qhHw42a3
spotify:track:6iaSML1PIYq936g62BDtBq,Robbery,12,11,2022,3fwgwqAtPiln73qhHw42a3
spotify:track:1HvTxgCj0mTzQlEo0zLvFb,In My Head,12,11,2022,3fwgwqAtPiln73qhHw42a3
spotify:track:7ytR5pFWmSjzHJIeQkgog4,ROCKSTAR (feat. Roddy Ricch),12,11,2022,3fwgwqAtPiln73qhHw42a3
spotify:track:0E9ZjEAyAwOXZ7wJC0PD33,In My Mind,12,11,2022,3fwgwqAtPiln73qhHw42a3
spotify:track:7MwwPyZJ7UKFROj2oVnH6R,Caramelldansen,12,11,2022,3fwgwqAtPiln73qhHw42a3
spotify:track:2kEuOngY5Td8iGxnzl8vPr,SEXTIME,12,11,2022,3fwgwqAtPiln73qhHw42a3
spotify:track:6PDlkWmrq2ZKiUuFt2aQsH,Loco,11,11,2022,3fwgwqAtPiln73qhHw42a3
spotify:track:5WbKBMz6y0FbUdZl18XlJO,Wrath,10,11,2022,3fwgwqAtPiln73qhHw42a3
spotify:track:5bAcvtmvB4Xb99Jo9vYUff,Dip - Remix,10,11,2022,3fwgwqAtPiln73qhHw42a3
spotify:track:0sDxud91Zgfovd7CkEgDFP,altyn,10,11,2022,3fwgwqAtPiln73qhHw42a3
spotify:track:3dSIHREYh7yDmVrB5mX65j,Palace (Sped Up),10,11,2022,3fwgwqAtPiln73qhHw42a3
spotify:track:3QVe9gr87GYcRXAkVpPVYl,Middy Titty,10,11,2022,3fwgwqAtPiln73qhHw42a3
spotify:track:4NgherJDfCXWBZBYheM4jK,WASTE,10,11,2022,3fwgwqAtPiln73qhHw42a3
spotify:track:511aFBp1YNBjEVIwUGRtst,Cult Classic,10,11,2022,3fwgwqAtPiln73qhHw42a3
spotify:track:3j8VFHSMCwjRpJMRU9Sif8,Batman!,10,11,2022,3fwgwqAtPiln73qhHw42a3
spotify:track:3EHoBWBgWYSH8FwicfBMMX,Batman!,10,11,2022,3fwgwqAtPiln73qhHw42a3
spotify:track:6LsUo3PX3QeJmWBRcmaf5b,Tocarte Toa,10,11,2022,3fwgwqAtPiln73qhHw42a3
spotify:track:5N6M8yDiMV32T6Rkzh8EbW,"Boom, Boom, Boom, Boom!!",10,11,2022,3fwgwqAtPiln73qhHw42a3
spotify:track:5vGUjhykZds2aqWFvfgnCh,mr. sunshine,10,11,2022,3fwgwqAtPiln73qhHw42a3
spotify:track:6x984mI891z1E2sVwYumUx,mr. sunshine,10,11,2022,3fwgwqAtPiln73qhHw42a3
spotify:track:3kkCmhk6Uy1k4c1ahiYvoN,daydreaming,10,11,2022,3fwgwqAtPiln73qhHw42a3
spotify:track:7lOvJBqH38ZY59eLU7bioq,all I want is you,10,11,2022,3fwgwqAtPiln73qhHw42a3
spotify:track:1K5OXYZMz90JWaPrIAb3Jx,I'm tired of this,10,11,2022,3fwgwqAtPiln73qhHw42a3
spotify:track:5Eax0qFko2dh7Rl2lYs3bx,Efecto,9,11,2022,3fwgwqAtPiln73qhHw42a3
spotify:track:30LBoQSk8gjcN0hWCWtdbF,Dembow,9,11,2022,3fwgwqAtPiln73qhHw42a3
spotify:track:5RubKOuDoPn5Kj5TLVxSxY,TE MUDASTE,9,11,2022,3fwgwqAtPiln73qhHw42a3
spotify:track:5YBvKoQDMAd7IjonxPQYFN,Noche de Teteo,9,11,2022,3fwgwqAtPiln73qhHw42a3
spotify:track:1qh0aljq1lDQndEdpRiTra,BIRTH,9,11,2022,3fwgwqAtPiln73qhHw42a3
spotify:track:23Ax0HD24WJH0GALIsqZ8H,GigaChad Theme (Phonk House Version) - Sped Up,9,11,2022,3fwgwqAtPiln73qhHw42a3
spotify:track:6LFzx1n7mynIXMNMODQgp3,GigaChad Theme - Epic Orchestral Version,9,11,2022,3fwgwqAtPiln73qhHw42a3
spotify:track:2FslGjJ3NQWHczQDmXNIx7,GigaChad Theme - Two Steps From Hell Version,9,11,2022,3fwgwqAtPiln73qhHw42a3
spotify:track:7mLWNwcvwRdEviz6SfYp8A,GigaChad Theme - Phonk House Version,9,11,2022,3fwgwqAtPiln73qhHw42a3
spotify:track:7kMBShbwV14jpAQ0GZRB2i,desorden del sueño,9,11,2022,3fwgwqAtPiln73qhHw42a3
spotify:track:43qETxAuIPhcPusxqYOBzv,Meance,9,11,2022,3fwgwqAtPiln73qhHw42a3
spotify:track:542DinAhmdLV9iesqppwdx,Уроки любви,9,11,2022,3fwgwqAtPiln73qhHw42a3
spotify:track:7CZJKTOJWDVViocA1IcQ1H,Кто все эти люди?,9,11,2022,3fwgwqAtPiln73qhHw42a3
spotify:track:2jSJm3Gv6GLxduWLenmjKS,Digital Bath,9,11,2022,3fwgwqAtPiln73qhHw42a3
spotify:track:1158ckiB5S4cpsdYHDB9IF,My Own Summer (Shove It),9,11,2022,3fwgwqAtPiln73qhHw42a3
spotify:track:5O0RUjv980hDuyVb28VXaS,Перемены,9,11,2022,3fwgwqAtPiln73qhHw42a3
spotify:track:3ZknfOpOduYhmkBcrLndfw,Давай притворимся,9,11,2022,3fwgwqAtPiln73qhHw42a3
spotify:track:5FEbO32d1DC7KJmg8s4973,Только ты,9,11,2022,3fwgwqAtPiln73qhHw42a3
spotify:track:1cmIuauHOxvxzTCFXFnNRL,В диапазоне,9,11,2022,3fwgwqAtPiln73qhHw42a3
spotify:track:0uxSUdBrJy9Un0EYoBowng,20 Min,9,11,2022,3fwgwqAtPiln73qhHw42a3
spotify:track:2BJSMvOGABRxokHKB0OI8i,Shoota (feat. Lil Uzi Vert),9,11,2022,3fwgwqAtPiln73qhHw42a3
spotify:track:1lAJUXyP5S2dUYHer1xBas,Drunk And Nasty (feat. Sharc),9,11,2022,3fwgwqAtPiln73qhHw42a3
spotify:track:5r67bGhYXZNqk2m2Wupfmu,Pour It Up,9,11,2022,3fwgwqAtPiln73qhHw42a3
spotify:track:1WbrxqVZGz9SRo9SC5vuR7,Andrea,9,11,2022,3fwgwqAtPiln73qhHw42a3
spotify:track:1D8sCqR7SwxUTwUDqMyUAp,flutter,9,11,2022,3fwgwqAtPiln73qhHw42a3
spotify:track:0lqHgjNrXmtFroWDqwV1iQ,Risk,9,11,2022,3fwgwqAtPiln73qhHw42a3
spotify:track:4Uiw0Sl9yskBaC6P4DcdVD,Be Quiet and Drive (Far Away),9,11,2022,3fwgwqAtPiln73qhHw42a3
spotify:track:4NUhcsz9E1LrBe8nXLZqzp,It Almost Worked,9,11,2022,3fwgwqAtPiln73qhHw42a3
spotify:track:6HJxxqHWMdidwTVZmZWeHU,New Flesh,9,11,2022,3fwgwqAtPiln73qhHw42a3
spotify:track:74SUn8w4lYSwgOGPvVZiEo,Gallowdance,9,11,2022,3fwgwqAtPiln73qhHw42a3
spotify:track:3IznIgmXtrUaoPWpQTy5jB,Not Allowed,9,11,2022,3fwgwqAtPiln73qhHw42a3
spotify:track:2RD1kXtF0khwaTmr0LG6kv,Mg1,9,11,2022,3fwgwqAtPiln73qhHw42a3
spotify:track:0yABdzMcJpRkKhVKXjfcUk,7 Weeks & 3 Days,9,11,2022,3fwgwqAtPiln73qhHw42a3
spotify:track:4cLdpErILMO8Db8pQVAVcZ,Mascara,9,11,2022,3fwgwqAtPiln73qhHw42a3
spotify:track:35SRuRfp5BvD1yArmXKNHO,I Just Threw Out The Love Of My Dreams,9,11,2022,3fwgwqAtPiln73qhHw42a3
spotify:track:5QmdK8QFbY8TLVKPuJzexD,Dark Beach,9,11,2022,3fwgwqAtPiln73qhHw42a3
spotify:track:6d67Xv8ms2noA8wWFLiPDN,Twilight,9,11,2022,3fwgwqAtPiln73qhHw42a3
spotify:track:1EryAkZ0VHstC6haIxVBiE,Sextape,9,11,2022,3fwgwqAtPiln73qhHw42a3
spotify:track:6LgJvl0Xdtc73RJ1mmpotq,Paranoid Android,9,11,2022,3fwgwqAtPiln73qhHw42a3
spotify:track:1FWsomP9StpCcXNWmJk8Cl,K.,9,11,2022,3fwgwqAtPiln73qhHw42a3
spotify:track:0X2bh8NVQ8svDQIn2AdCbW,Consume (feat. Goon Des Garcons),9,11,2022,3fwgwqAtPiln73qhHw42a3
spotify:track:2O1fWJD4M38spxqK6ly8qZ,Orbitron,9,11,2022,3fwgwqAtPiln73qhHw42a3
spotify:track:2SabxRgV7VMc1LRHgw0HIo,nuts (feat. rainy bear),9,11,2022,3fwgwqAtPiln73qhHw42a3
spotify:track:1PioGnu4seddtZ8j5gbX7n,Blue Hair,9,11,2022,3fwgwqAtPiln73qhHw42a3
spotify:track:2HrgY8IeC2nE5Hrr17jIii,Sleep Walk,9,11,2022,3fwgwqAtPiln73qhHw42a3
spotify:track:7vPHiwgCOAjSBRjAirbMvS,"Sea, Swallow Me",9,11,2022,3fwgwqAtPiln73qhHw42a3
spotify:track:4wEuNvb7oG8oZYrZPZ9rPr,Me and the Birds,9,11,2022,3fwgwqAtPiln73qhHw42a3
spotify:track:0uphGVj1uIticJK6gb2WnO,Hurts Me Too,9,11,2022,3fwgwqAtPiln73qhHw42a3
spotify:track:7Cp2PE6Id35QlK1pIpu7X9,This Could Build Us a Home,9,11,2022,3fwgwqAtPiln73qhHw42a3
spotify:track:1MXOWbSCEjoGwivtIMnlBV,Constellations,9,11,2022,3fwgwqAtPiln73qhHw42a3
spotify:track:2QzKAF0y1BQhxwg8N05Uog,Watching Him Fade Away,9,11,2022,3fwgwqAtPiln73qhHw42a3
spotify:track:2KylN9C0wNbzLgZNTG9oiU,when you sleep,9,11,2022,3fwgwqAtPiln73qhHw42a3
spotify:track:5EJA7Rwkeuvm98CZg0XXNO,What Would I Do?,9,11,2022,3fwgwqAtPiln73qhHw42a3
spotify:track:3Y3uR7Fd2yVBLHmgsqmZnS,Dayflower,9,11,2022,3fwgwqAtPiln73qhHw42a3
spotify:track:3NUAnPminbwPZICFpMDoNF,"Que Quieres De Mi Remix (feat. Nengo Flow,Nova Y Jory,J Alvarez,Farruko)",9,11,2022,3fwgwqAtPiln73qhHw42a3
spotify:track:0OPD9fnjX6xWgHBQ4QClgu,Structure,9,11,2022,3fwgwqAtPiln73qhHw42a3
spotify:track:1camd9eP6HEbhNjXww8FKN,Sunflower,9,11,2022,3fwgwqAtPiln73qhHw42a3
spotify:track:5he470a6MwjQqKLZv2YtyJ,johnny rico 主な話題 (Main Theme),9,11,2022,3fwgwqAtPiln73qhHw42a3
spotify:track:2aLlKa3vOl3BKdeJsZq4LR,Fuera de Tiempo,9,11,2022,3fwgwqAtPiln73qhHw42a3
spotify:track:6EvpWYJNb3DLucIwWV3PSR,Pololo,9,11,2022,3fwgwqAtPiln73qhHw42a3
spotify:track:7bU1sFLjN4iXZZEaiR95q0,Depresión,9,11,2022,3fwgwqAtPiln73qhHw42a3
spotify:track:7sQdJYkFziMZL23l6sNULh,super ultra mega dark times,9,11,2022,3fwgwqAtPiln73qhHw42a3
spotify:track:3thdka0EjolLblroJXiE3U,scenario!,9,11,2022,3fwgwqAtPiln73qhHw42a3
spotify:track:0sQNswHXcke9VXfzQkeAmM,Cúrame (Post-Punk Version),9,11,2022,3fwgwqAtPiln73qhHw42a3
spotify:track:4eXQGxQlcsCRmkkQbrVYhH,Trankimazin (Post-Punk Version),9,11,2022,3fwgwqAtPiln73qhHw42a3
spotify:track:27oRunmCZif54vlE6SzVG6,Kiss Me More - Japanese Version,9,11,2022,3fwgwqAtPiln73qhHw42a3
spotify:track:2BcMwX1MPV6ZHP4tUT9uq6,Knife Talk (with 21 Savage ft. Project Pat),8,11,2022,3fwgwqAtPiln73qhHw42a3
spotify:track:76WCPHRAwEgAc0uKQYB0jW,Llorando Sangre,8,11,2022,3fwgwqAtPiln73qhHw42a3
spotify:track:6rUp7v3l8yC4TKxAAR5Bmx,I Hate Everything About You,8,11,2022,3fwgwqAtPiln73qhHw42a3
spotify:track:1hiKRqR0jox7OI7aweq7Sj,Choca,8,11,2022,3fwgwqAtPiln73qhHw42a3
spotify:track:2e3Xhh2FUZwqDrWzKXUAvN,Angel of Death (Ghosts),8,11,2022,3fwgwqAtPiln73qhHw42a3
spotify:track:5Ii0aV021Z8TCRyD4dP40e,Sweet Dreams (Hardstyle),7,11,2022,3fwgwqAtPiln73qhHw42a3
spotify:track:0uOtodY9htazL9wojWhKhQ,Divine Attack - Shingeki -,7,11,2022,3fwgwqAtPiln73qhHw42a3
spotify:track:2BwKWZv3H5vdJKSbUhsHjK,c'est tout moi,7,11,2022,3fwgwqAtPiln73qhHw42a3
spotify:track:7oySelE0Cb5q1TBBSPZJT2,Si Me Tomo una Cerveza - Remix,7,11,2022,3fwgwqAtPiln73qhHw42a3
spotify:track:759kADDG6OpFSVGoI35OCa,Tus Besos,7,11,2022,3fwgwqAtPiln73qhHw42a3
spotify:track:66YgptYp9124vxw9yFsIGn,No Dijeron Nada,7,11,2022,3fwgwqAtPiln73qhHw42a3
spotify:track:35xSMjfhxBRV0wZPEXOxMd,Like,7,11,2022,3fwgwqAtPiln73qhHw42a3
spotify:track:4PDoCa5P0QK7KFhTsEKJB8,Noche de Party,7,11,2022,3fwgwqAtPiln73qhHw42a3
spotify:track:6s86iHmjFSEwXwxfIwZwDC,Te Beso Yo,7,11,2022,3fwgwqAtPiln73qhHw42a3
spotify:track:4fL2qFM2lw6xz9XmziEW7I,ReggaetOLD,7,11,2022,3fwgwqAtPiln73qhHw42a3
spotify:track:10cA6m379GINGe7ZF6g3q1,Pistola Remix,7,11,2022,3fwgwqAtPiln73qhHw42a3
spotify:track:72PjUs25nm0G3ECiwOjkOM,Tocarte Toa (2008 / Remix),7,11,2022,3fwgwqAtPiln73qhHw42a3
spotify:track:5QhOF5HXgZ0OFUZSE5kEv1,Nada Fue Un Error,7,11,2022,3fwgwqAtPiln73qhHw42a3
spotify:track:1dfSgvpKNflak0CS0gCzW5,360,7,11,2022,3fwgwqAtPiln73qhHw42a3
spotify:track:2cR9cH9ta7MStHBKs0aOcz,TITAN,7,11,2022,3fwgwqAtPiln73qhHw42a3
spotify:track:5QDFTP24z4dXNsk8FWHAMA,Tiki Taka,7,11,2022,3fwgwqAtPiln73qhHw42a3
spotify:track:2nIBvIuK9PeJz6T5Ad8ek9,Debo Tenerte,7,11,2022,3fwgwqAtPiln73qhHw42a3
spotify:track:2h1Ew3SAZEMa7PgxdCUOJl,Falso Amor (feat. Fili-Wey),7,11,2022,3fwgwqAtPiln73qhHw42a3
spotify:track:14kMQlmVp4skG9hzKcFFNp,Todo Tu Interior - Acústico,7,11,2022,3fwgwqAtPiln73qhHw42a3
spotify:track:3ysMAsuOd1Y5ETfXCnnWPt,Violenta,7,11,2022,3fwgwqAtPiln73qhHw42a3
spotify:track:1hFC3OfExDADVLCAQDgUr8,Solita - Remix,7,11,2022,3fwgwqAtPiln73qhHw42a3
spotify:track:6PQC4GNmRv0dL3PCJuKMia,TARJETA GOLD,7,11,2022,3fwgwqAtPiln73qhHw42a3
spotify:track:2tqJLIv7CF9g7aL9dHZ7fP,Lassie - Remix,7,11,2022,3fwgwqAtPiln73qhHw42a3
spotify:track:6Avci1CgiTbDhjhQOYefPI,Bandi2,7,11,2022,3fwgwqAtPiln73qhHw42a3
spotify:track:2N8i4DjAqZo5m3hcDXdRdC,Ay Papi,7,11,2022,3fwgwqAtPiln73qhHw42a3
spotify:track:5fPwHCqTQMOZmu25WrfRFD,Te Arrepentirás (feat. Karina & La Joaqui),7,11,2022,3fwgwqAtPiln73qhHw42a3
spotify:track:1yKxctyjh6CdDmJd9LaRNb,Duetos De Etiqueta #1 - Roto Corazón,7,11,2022,3fwgwqAtPiln73qhHw42a3
spotify:track:4Bb0zvyxchESHX1gNyAfWN,Tirate un paso,7,11,2022,3fwgwqAtPiln73qhHw42a3
spotify:track:7gBjthQXTuZS0DsfCJEt0Q,Saveiro,7,11,2022,3fwgwqAtPiln73qhHw42a3
spotify:track:3M87DMqh23T8hKEsfGRVow,Mi Amor,7,11,2022,3fwgwqAtPiln73qhHw42a3
spotify:track:2rtdW2T9hgaErt6o1vpNBO,GD,7,11,2022,3fwgwqAtPiln73qhHw42a3
spotify:track:4d9T4bHs1vFSyk1EeB075m,Lassie,7,11,2022,3fwgwqAtPiln73qhHw42a3
spotify:track:5FKeJ9Z6W4mgG5aUOok3Qn,PICA,7,11,2022,3fwgwqAtPiln73qhHw42a3
spotify:track:3uFhqnai1dXX5eI29VJRPY,Session en el Barrio #2,7,11,2022,3fwgwqAtPiln73qhHw42a3
spotify:track:4qXWX3OmEKp0YCnnxJqTMO,Dos Besitos,7,11,2022,3fwgwqAtPiln73qhHw42a3
spotify:track:3N6rAKpPraBOZqn9RhSrz0,TU AMOR | E7,7,11,2022,3fwgwqAtPiln73qhHw42a3
spotify:track:5eYVvHN75qLlpD0DC6R8Pl,LA JOAQUI | Mission 08,7,11,2022,3fwgwqAtPiln73qhHw42a3
spotify:track:5ssKXaLjWRx2tK6oKMvknP,Turrosmánticos,7,11,2022,3fwgwqAtPiln73qhHw42a3
spotify:track:6Cl4eb6UQtLRoC1gUCqHEI,Acaramelao - Remix,7,11,2022,3fwgwqAtPiln73qhHw42a3
spotify:track:4N87rPGnY6SwnbnQL3VhZT,Besame - Remix,7,11,2022,3fwgwqAtPiln73qhHw42a3
spotify:track:3xmGbDqvhgv3D1vsAcISJK,Barrio Prendido - Remix,7,11,2022,3fwgwqAtPiln73qhHw42a3
spotify:track:7pT8nCjfaALtP2MNe3tHPS,Hecha Pa Mi - Remix,7,11,2022,3fwgwqAtPiln73qhHw42a3
spotify:track:3mORcawzSLXWzyHNjZXavd,Rakataka Perreo,7,11,2022,3fwgwqAtPiln73qhHw42a3
spotify:track:4wh7n4nWB6OGdU3bTLdagd,Animalx,7,11,2022,3fwgwqAtPiln73qhHw42a3
spotify:track:6T838BQ19w1406lH2ZvZuK,Bonita - Remix,7,11,2022,3fwgwqAtPiln73qhHw42a3
spotify:track:7qA6yuka9J5Ls1lQ8uQP9Z,No Me Conocen 2 - Remix,6,11,2022,3fwgwqAtPiln73qhHw42a3
spotify:track:5ZeS4UmtayxyjuWJcHkl7u,Yo Se Que Tu - Remix,6,11,2022,3fwgwqAtPiln73qhHw42a3
spotify:track:4iFIRZHQiPWK0ZVMEw32v7,512 - Remix,6,11,2022,3fwgwqAtPiln73qhHw42a3
spotify:track:5wgYeKjooFRdIJHPuRFWO7,2:50 - Remix,6,11,2022,3fwgwqAtPiln73qhHw42a3
spotify:track:5qTYi5snFcgFF0DIfecman,Yonaguni - Remix,6,11,2022,3fwgwqAtPiln73qhHw42a3
spotify:track:4aXicRG47bBEcKXlDaSRwW,Turraka (Remix),6,11,2022,3fwgwqAtPiln73qhHw42a3
spotify:track:2zl5PQVTJZJLkzBST32xTJ,VILLARAP - Remix,6,11,2022,3fwgwqAtPiln73qhHw42a3
spotify:track:7KnusT8A8lDwwTek3qzH2W,Combi Nueva - Remix,6,11,2022,3fwgwqAtPiln73qhHw42a3
spotify:track:5kyG08p4CaJsOZsr5e823u,Donde Están Los Guachos,6,11,2022,3fwgwqAtPiln73qhHw42a3
spotify:track:7dpXCztbsLVnkLdcskLgKc,International Love 420,6,11,2022,3fwgwqAtPiln73qhHw42a3
spotify:track:3fUZbg31mIJKIxuv8nUcGg,CALLEJERO FINO | DJ TAO Turreo Sessions #723,6,11,2022,3fwgwqAtPiln73qhHw42a3
spotify:track:0XWzDEVuBofFsZMTcVc5Rc,Clandestina 420,6,11,2022,3fwgwqAtPiln73qhHw42a3
spotify:track:4AKK4j6sYhOO1r6My2qqWO,TRUCHO,6,11,2022,3fwgwqAtPiln73qhHw42a3
spotify:track:4GEaeUb0JPS9kiVgevuM5M,Pinto el Calor,6,11,2022,3fwgwqAtPiln73qhHw42a3
spotify:track:6NKrW1a2OYNwAXuN4MgwXi,Malianteo 420,6,11,2022,3fwgwqAtPiln73qhHw42a3
spotify:track:47thocpaqgzivRfDqWEqoc,Sara nos salvara,6,11,2022,3fwgwqAtPiln73qhHw42a3
spotify:track:0g5EKLgdKvNlln7TNqBByK,Middle,6,11,2022,3fwgwqAtPiln73qhHw42a3
spotify:track:5masKPHeAOVNgxdLebIcK7,Stole the Show,5,11,2022,3fwgwqAtPiln73qhHw42a3
spotify:track:25YMD8Bf1CiQvAsYz5Bq0p,Combi Nueva,5,11,2022,3fwgwqAtPiln73qhHw42a3
spotify:track:53F6255hTOkXJwKXAKTOKm,Turraka,5,11,2022,3fwgwqAtPiln73qhHw42a3
spotify:track:4xIks9aFJtCueoEleLPYiC,Turraka - Remix,5,11,2022,3fwgwqAtPiln73qhHw42a3
spotify:track:4RsTfAuTiUyL7GKGPiNC0w,Crunk Ain't Dead,5,11,2022,3fwgwqAtPiln73qhHw42a3
spotify:track:4KDyFUGlYCv2hyG5YAAAXd,Just Dance,5,11,2022,3fwgwqAtPiln73qhHw42a3
spotify:track:1e0NatUVfOD9xRgeXSedrl,Tinty Nasty,5,11,2022,3fwgwqAtPiln73qhHw42a3
spotify:track:4xmjhluVa87BBevduzjHXa,Pistola,5,11,2022,3fwgwqAtPiln73qhHw42a3
spotify:track:5gBstAsizJCElj5GZiYaXO,Requisito 420,5,11,2022,3fwgwqAtPiln73qhHw42a3
spotify:track:7aPSMl8bmlHtbi9ZBYbPmq,El Último Romántico,5,11,2022,3fwgwqAtPiln73qhHw42a3
spotify:track:261Jxss9utRCMg11TWEU8M,KU',5,11,2022,3fwgwqAtPiln73qhHw42a3
spotify:track:1IavuiWnbbts36JWozObGE,Un Reel,5,11,2022,3fwgwqAtPiln73qhHw42a3
spotify:track:3za3hxbolwmy9AeUpWzuRE,Consejo de Amor,5,11,2022,3fwgwqAtPiln73qhHw42a3
spotify:track:7kYbxvrGXv8cmKjkqgqhrw,La Triple T,5,11,2022,3fwgwqAtPiln73qhHw42a3
spotify:track:3AbNNvo2OmyeDMvRBgf9vk,La Loto,5,11,2022,3fwgwqAtPiln73qhHw42a3
spotify:track:0cOa970mzTWAxKtltpkpLc,Miénteme,5,11,2022,3fwgwqAtPiln73qhHw42a3
spotify:track:5CGDlYe3DXdGJlm471REcg,Prende La Camara - Remix,5,11,2022,3fwgwqAtPiln73qhHw42a3
spotify:track:4A9u8OrzFYbxdjiydkNdUi,L-Gante: RKT SESSIONS #1,4,11,2022,3fwgwqAtPiln73qhHw42a3
spotify:track:0lJE8f0lx8mUSfMyxeYpiC,Bar,4,11,2022,3fwgwqAtPiln73qhHw42a3
spotify:track:1Crj1zkRMpsEjb9NOR6Zof,"L-Gante: Bzrp Music Sessions, Vol.38",4,11,2022,3fwgwqAtPiln73qhHw42a3
spotify:track:7jaYm0oq552xugGmOeE6w5,Matatan,4,11,2022,3fwgwqAtPiln73qhHw42a3
spotify:track:1PmKfNsHxPdMaHP496myD3,TURROMANTIKO,4,11,2022,3fwgwqAtPiln73qhHw42a3
spotify:track:4jY5SnGbpH6FdGCqVbhOD4,Te Pintaron Pajaritos,4,11,2022,3fwgwqAtPiln73qhHw42a3
spotify:track:04Oynte1xZfgnPh8kXhmE7,Rumba,4,11,2022,3fwgwqAtPiln73qhHw42a3
spotify:track:44XjoNvtwevktFKjvVe1vH,Andrea,4,11,2022,3fwgwqAtPiln73qhHw42a3
spotify:track:0E0DRHf5PfMeor0ZCwB3oT,Otro Atardecer,4,11,2022,3fwgwqAtPiln73qhHw42a3
spotify:track:3QzAOrNlsabgbMwlZt7TAY,Ballin' (with Roddy Ricch),4,11,2022,3fwgwqAtPiln73qhHw42a3
spotify:track:18HOjcvTVV7W8YzBuOsAPS,Un Verano Sin Ti,4,11,2022,3fwgwqAtPiln73qhHw42a3
spotify:track:6VrQTLzzuyGIYjUDe4kAZk,Un Coco,4,11,2022,3fwgwqAtPiln73qhHw42a3
spotify:track:7wCmS9TTVUcIhRalDYFgPy,Where Is My Mind? - Remastered,3,11,2022,3fwgwqAtPiln73qhHw42a3
spotify:track:7JWeTWbbNaJ84MKdRNSpTn,where is my mind - sped up + reverb,3,11,2022,3fwgwqAtPiln73qhHw42a3
spotify:track:1yAGTxqoYkV7JvdQi3Af6c,Little Stranger,3,11,2022,3fwgwqAtPiln73qhHw42a3
spotify:track:2R1Yk6vm11P3pLIrtBR4eM,Biessensoŭnasć,3,11,2022,3fwgwqAtPiln73qhHw42a3
spotify:track:4ByEFOBuLXpCqvO1kw8Wdm,(I Just) Died In Your Arms,3,11,2022,3fwgwqAtPiln73qhHw42a3
spotify:track:0pFx0KHtJVFzfjrQQB1FoR,Change Shapes (feat. Jesse),3,11,2022,3fwgwqAtPiln73qhHw42a3
spotify:track:60Cb8X0ARzviyHq4QZMoK5,Kids,3,11,2022,3fwgwqAtPiln73qhHw42a3
spotify:track:4z00NljivAo6hOowAUcxfe,I'm Sure,3,11,2022,3fwgwqAtPiln73qhHw42a3
spotify:track:35OroCqjbua66FqJLwz5h6,Bush TV,3,11,2022,3fwgwqAtPiln73qhHw42a3
spotify:track:3mAlODfJ2p4DnV2ZJ16Bhq,TVI,3,11,2022,3fwgwqAtPiln73qhHw42a3
spotify:track:6bxKECVRnkLmtpeU22Ve9p,help_urself,3,11,2022,3fwgwqAtPiln73qhHw42a3
spotify:track:5Id5qsuJuJK7QDNXEGX6n8,Ashes,3,11,2022,3fwgwqAtPiln73qhHw42a3
spotify:track:37JoRcYtA30gqhRc8wCOQj,OhNo!,3,11,2022,3fwgwqAtPiln73qhHw42a3
spotify:track:0BvQ8hZcZ0qHaIq4dNtivb,Down To Ride,3,11,2022,3fwgwqAtPiln73qhHw42a3
spotify:track:7v0EsDFDBpCgmIruSQTUNZ,Tell Me You Know,3,11,2022,3fwgwqAtPiln73qhHw42a3
spotify:track:4Nolw5dQkREZUSwY9pZnB0,I Think Ur Rlly Cool,3,11,2022,3fwgwqAtPiln73qhHw42a3
spotify:track:6ewXjgNwJy2Dhc4mvVMbfj,I Won't Wake up This Time (Freaks),3,11,2022,3fwgwqAtPiln73qhHw42a3
spotify:track:0kQjr0GMEuELsHpmIC6Wr4,All I Need,3,11,2022,3fwgwqAtPiln73qhHw42a3
spotify:track:4upw9RT8Cs96EQhCuoNryV,You Are Going to Hate This,2,11,2022,3fwgwqAtPiln73qhHw42a3
spotify:track:0Zfxs7Q9QUjGaZ9yQ7kSLO,Wet Cigarettes,2,11,2022,3fwgwqAtPiln73qhHw42a3
spotify:track:6zzNohEcEmt2xVEny2ieAc,El Sol,2,11,2022,3fwgwqAtPiln73qhHw42a3
spotify:track:7xtSrc9ZJk3gzpfDk9Xmjg,sore,2,11,2022,3fwgwqAtPiln73qhHw42a3
spotify:track:6hvs3DIe8eG6IdhehKz31I,Stressed,2,11,2022,3fwgwqAtPiln73qhHw42a3
spotify:track:3Oh8UD7wr1knslE9tya5Rh,What Do I Say?,2,11,2022,3fwgwqAtPiln73qhHw42a3
spotify:track:6nfg8PLUrkODpBCvvkDrj0,Down with the King,2,11,2022,3fwgwqAtPiln73qhHw42a3
spotify:track:7gIDK0p6N9wgLRIHnGZldA,Effy Stonem,2,11,2022,3fwgwqAtPiln73qhHw42a3
spotify:track:7dVCtFRvnyUCV0CZ5yddm9,Stop,2,11,2022,3fwgwqAtPiln73qhHw42a3
spotify:track:5BENkDrJrqxpHjx2KBO88R,Это так архаично,2,11,2022,3fwgwqAtPiln73qhHw42a3
spotify:track:3IGZqhFP424WoS41afdjBp,XANAX - REMIX,2,11,2022,3fwgwqAtPiln73qhHw42a3
spotify:track:6ckTubYkPQPegMg5zfJRjZ,Monodrama,2,11,2022,3fwgwqAtPiln73qhHw42a3
spotify:track:3YRCqOhFifThpSRFJ1VWFM,November Rain,2,11,2022,3fwgwqAtPiln73qhHw42a3
spotify:track:6OtoDwuQaH8SfZobDMsWD5,TVI,2,11,2022,3fwgwqAtPiln73qhHw42a3
spotify:track:11cufrIGJ6pbcVqJ205Eqe,supermarket,2,11,2022,3fwgwqAtPiln73qhHw42a3
spotify:track:5FkJHVudUByVjanCqFXRql,After Dark,2,11,2022,3fwgwqAtPiln73qhHw42a3
spotify:track:3vYadaQuFDsiUiW0u4Dt8A,Buddy,2,11,2022,3fwgwqAtPiln73qhHw42a3
spotify:track:0me5bs5Ww1boCUR4tdcbXd,Valasy,2,11,2022,3fwgwqAtPiln73qhHw42a3
spotify:track:1wq9QvFBog4PceSCbwzsw6,I Hate California,2,11,2022,3fwgwqAtPiln73qhHw42a3
spotify:track:35Ki1lvKPC2sFBD3GmKdRG,Televised,2,11,2022,3fwgwqAtPiln73qhHw42a3
spotify:track:7u2mGrm84Z3SyoI5VGNOTk,The End,2,11,2022,3fwgwqAtPiln73qhHw42a3
spotify:track:6MpCaSIOfqBqbMED4kXgNY,Prom Queen,2,11,2022,3fwgwqAtPiln73qhHw42a3
spotify:track:6lbLn5iL2NBJnbib7bTXMn,Dræm Girl,2,11,2022,3fwgwqAtPiln73qhHw42a3
spotify:track:4FEr6dIdH6EqLKR0jB560J,Rosemary,2,11,2022,3fwgwqAtPiln73qhHw42a3
spotify:track:5QHnugYt2n8sLiKfAADwJ5,Sick Of You,2,11,2022,3fwgwqAtPiln73qhHw42a3
spotify:track:3Sp15qwSXH8xrk6dqPm8V4,Bathroom Song,2,11,2022,3fwgwqAtPiln73qhHw42a3
spotify:track:5rxMKmvHoRtwlnaYyxMGHb,Fun,1,11,2022,3fwgwqAtPiln73qhHw42a3
spotify:track:4b1DA6IbVI2M9low8qns2N,Anirak,1,11,2022,3fwgwqAtPiln73qhHw42a3
spotify:track:30OErSncOUBysoUuVb4eou,Yung Bubblegum,1,11,2022,3fwgwqAtPiln73qhHw42a3
spotify:track:6oofvZ4K8vBHnCT1oKERcd,i walk this earth all by myself,1,11,2022,3fwgwqAtPiln73qhHw42a3
spotify:track:1Xlrz87sHoyGTN6cx8Wiwo,Paradise,1,11,2022,3fwgwqAtPiln73qhHw42a3
spotify:track:4KjWWtEdHjozcQuL2bIij2,Turning Inside,1,11,2022,3fwgwqAtPiln73qhHw42a3
spotify:track:35LIFNsMZjGJhLvRYAYxTX,Я тебя люблю,1,11,2022,3fwgwqAtPiln73qhHw42a3
spotify:track:67wWI90Nm2EiSmNKhNykU6,Drifting,1,11,2022,3fwgwqAtPiln73qhHw42a3
spotify:track:53Gs2a7kV4h6tBN0fCTtUY,Untouchable You,1,11,2022,3fwgwqAtPiln73qhHw42a3
spotify:track:30ZMxhMS4jGoLV460ubCsk,"boyfriend, girlfriend",1,11,2022,3fwgwqAtPiln73qhHw42a3
spotify:track:1rrsV6gDqtDVzf3Hej0ql8,Cool Kids,1,11,2022,3fwgwqAtPiln73qhHw42a3
spotify:track:3N5yLQIsMacux1uzNdqiPa,Now You Know,1,11,2022,3fwgwqAtPiln73qhHw42a3
spotify:track:0yWZNa6e7rAXPyTj0RddKO,Faster,1,11,2022,3fwgwqAtPiln73qhHw42a3
spotify:track:5Yx9t9RgATAtYoHN8gbRM0,Fool,1,11,2022,3fwgwqAtPiln73qhHw42a3
spotify:track:1eFYbcVZBTKcE0iFIYU5qk,Not Into You,1,11,2022,3fwgwqAtPiln73qhHw42a3
spotify:track:5fyuXhGSr7bgspZVJRUAYe,Only You... And Everybody Else,1,11,2022,3fwgwqAtPiln73qhHw42a3
spotify:track:0qXP5fMhxGzxALOkXYUxfP,Loverboy,1,11,2022,3fwgwqAtPiln73qhHw42a3
spotify:track:6G7cgh2WoIsoWRF8E1eVZQ,Hi Tops,1,11,2022,3fwgwqAtPiln73qhHw42a3
spotify:track:3C5C2FP4jQSnz9QONRQNLQ,Pretty Bones,1,11,2022,3fwgwqAtPiln73qhHw42a3
spotify:track:7CFfqRW50ffULvBv7lfIIg,Violent,1,11,2022,3fwgwqAtPiln73qhHw42a3
spotify:track:5yxIenY5kSLlgTr3XGYw9p,Rock With You,1,11,2022,3fwgwqAtPiln73qhHw42a3
spotify:track:3oIiQgTANmpk2caB4cnu9p,Rock With You,1,11,2022,3fwgwqAtPiln73qhHw42a3
spotify:track:7oOOI85fVQvVnK5ynNMdW7,Rock with You - Single Version,1,11,2022,3fwgwqAtPiln73qhHw42a3
spotify:track:1hgb3hxKtCpX4tI0hrP46K,Nomu,1,11,2022,3fwgwqAtPiln73qhHw42a3
spotify:track:0w2kfnU1PFKxjmZFQ1J1X8,Overthinking,1,11,2022,3fwgwqAtPiln73qhHw42a3
spotify:track:4jB5OIHRWwiBQAQ81bp6Rj,Orbit,1,11,2022,3fwgwqAtPiln73qhHw42a3
spotify:track:5H9wA29ptgnn7mXAHKhUKc,Landline,1,11,2022,3fwgwqAtPiln73qhHw42a3
spotify:track:3ykvobAQxQ5VlcDOMKXI4M,i won't run,1,11,2022,3fwgwqAtPiln73qhHw42a3
spotify:track:3OrI7MO3lL6F4dUYS5rCkz,Nova Scotia 500,1,11,2022,3fwgwqAtPiln73qhHw42a3
spotify:track:7K9Z3yFNNLv5kwTjQYGjnu,#BrooklynBloodPop!,1,11,2022,3fwgwqAtPiln73qhHw42a3
spotify:track:6WhoGqTFLJGCgMNUyBDzt5,Slingshot,1,11,2022,3fwgwqAtPiln73qhHw42a3
spotify:track:6RfqMM6PVQSEtRCe6HEGWB,Summer Is Here,1,11,2022,3fwgwqAtPiln73qhHw42a3
spotify:track:4NmaLIOnbHCujs0jGgl5EZ,Choker,1,11,2022,3fwgwqAtPiln73qhHw42a3
spotify:track:25eIMRi1cZXPcIc8X06meQ,swings,1,11,2022,3fwgwqAtPiln73qhHw42a3
spotify:track:41LZx7WttZ8cRigQ7LZB2K,J Song,1,11,2022,3fwgwqAtPiln73qhHw42a3
spotify:track:27dgLuKlG9Z9aCnzGg0IHY,everything is fine,1,11,2022,3fwgwqAtPiln73qhHw42a3
spotify:track:2jkyPVk1nbpsZD0KAS98Zw,SPIT IN MY FACE!,1,11,2022,3fwgwqAtPiln73qhHw42a3
